<?xml version="1.0" encoding="UTF-8"?>
<project-private xmlns="http://www.netbeans.org/ns/project-private/1">
    <editor-bookmarks xmlns="http://www.netbeans.org/ns/editor-bookmarks/2" lastBookmarkId="0"/>
    <open-files xmlns="http://www.netbeans.org/ns/projectui-open-files/2">
        <group>
            <file>file:/C:/Users/USER/Documents/NetBeansProjects/Localtransportmanagment%20System/src/localtransportmanagment/system/db.java</file>
            <file>file:/C:/Users/USER/Documents/NetBeansProjects/Localtransportmanagment%20System/src/localtransportmanagment/system/email.java</file>
            <file>file:/C:/Users/USER/Documents/NetBeansProjects/Localtransportmanagment%20System/src/localtransportmanagment/system/Tracking.java</file>
            <file>file:/C:/Users/USER/Documents/NetBeansProjects/Localtransportmanagment%20System/src/localtransportmanagment/system/Mainpage.java</file>
            <file>file:/C:/Users/USER/Documents/NetBeansProjects/Localtransportmanagment%20System/src/localtransportmanagment/system/Reports.java</file>
            <file>file:/C:/Users/USER/Documents/NetBeansProjects/Localtransportmanagment%20System/src/localtransportmanagment/system/home.java</file>
        </group>
    </open-files>
</project-private>
